{"cameraMode":{"drawMode":0,"name":"Shaded","section":"Shading Mode"},"sceneLighting":true,"audioPlay":false,"sceneViewState":{"showFog":true,"showMaterialUpdate":false,"showSkybox":true,"showFlares":true,"showImageEffects":true,"showParticleSystems":true},"in2DMode":false,"pivot":{"x":-0.16290724277496339,"y":-0.22511297464370728,"z":-0.6023604869842529},"rotation":{"x":0.015044697560369969,"y":-0.9735415577888489,"z":0.21851705014705659,"w":0.06604692339897156},"size":2.5966005325317385,"orthographic":false}