{"cameraMode":{"drawMode":0,"name":"Shaded","section":"Shading Mode"},"sceneLighting":true,"audioPlay":false,"sceneViewState":{"showFog":true,"showMaterialUpdate":false,"showSkybox":true,"showFlares":true,"showImageEffects":true,"showParticleSystems":true},"in2DMode":false,"pivot":{"x":-0.20759466290473939,"y":0.639083981513977,"z":-0.8489437103271484},"rotation":{"x":0.014717794954776764,"y":-0.9714868068695068,"z":0.06153775751590729,"w":0.2287716567516327},"size":4.096600532531738,"orthographic":false}