{"cameraMode":{"drawMode":0,"name":"Shaded","section":"Shading Mode"},"sceneLighting":true,"audioPlay":false,"sceneViewState":{"showFog":true,"showMaterialUpdate":false,"showSkybox":true,"showFlares":true,"showImageEffects":true,"showParticleSystems":true},"in2DMode":false,"pivot":{"x":0.0,"y":-0.33149999380111697,"z":-0.002499997615814209},"rotation":{"x":-0.0007782664615660906,"y":0.9995108842849731,"z":-0.025798900052905084,"w":-0.020680688321590425},"size":754.037841796875,"orthographic":false}