{"cameraMode":{"drawMode":0,"name":"Shaded","section":"Shading Mode"},"sceneLighting":false,"audioPlay":false,"sceneViewState":{"showFog":true,"showMaterialUpdate":false,"showSkybox":false,"showFlares":true,"showImageEffects":true,"showParticleSystems":true},"in2DMode":false,"pivot":{"x":0.09667837619781494,"y":0.4861574172973633,"z":-0.10787138342857361},"rotation":{"x":-0.0012095425045117736,"y":0.9735510349273682,"z":-0.004658167716115713,"w":-0.2286626100540161},"size":4.327667236328125,"orthographic":false}